"Interaction object","Member action","What becomes visible","What remains private","Expiry / revocation"
"Intent Card","Select friendship, dating, conversation, romance, intimacy, or activity","Chosen current intent","Past activity, social graph, history","Editable and removable immediately"
"Shared-Activity Seed","Offer a broad activity such as board games, public coffee, museum visit, remote conversation","Activity type and broad area","Venue, route, attendance history, exact schedule","Expires automatically"
"Atmosphere Card","Choose “quiet,” “low-cost,” “outdoor,” “public-first,” or “low-sensory”","Selected atmosphere preferences","Health, disability, finances, routines","Editable and removable"
"Pace Agreement","Select text-first, slower replies welcome, no-photo-required, ask before sexual topics","Selected pace preferences after permitted visibility","Why the preference exists","Revisable at any time"
"Reciprocal-Interest Window","Express interest in a specific activity context","Mutual interest only after both act","One-sided interest from anyone else","Short-lived; either person can close"
"Mutuality Check","State what each person seeks and can offer, such as conversation, public activity, affection, or a date","Answers shared only with the counterpart","Financial, housing, work, survival, and dependency information","Re-openable and deletable"
"Consent Checkpoint","Approve or decline a specific escalation","Only the resulting scoped permission","Any reason for decline","Immediate revocation"
"Venue Discussion Capsule","Share a venue category or named public place after mutual approval","Named venue only to the chosen recipient","Visit history, current location, home/work location, routes","Time-limited; revocable"
"Public-First Plan","Plan a public meeting with independent arrival/departure options","Selected meeting plan details","Origin, transport history, live location","Ends at plan expiry or cancellation"
"Quiet Exit","Pause, mute, block, preserve personal evidence, report","Nothing beyond necessary enforcement state","Explanation, private safety rationale","Immediate"
"After-Meet Reflection","Privately reflect on comfort and future interest","Nothing by default","Reflection content and rating-like information","Local/private unless intentionally reported"
"Discovery Controls","Change inputs, pause visibility, hide categories, restrict invitations","Only updated selected discovery scope","Reason for changes","Immediate effect"